id,state_id:id,name,code
base.city_co_05_001,base.state_co_05,Medellin,05001
base.city_co_05_002,base.state_co_05,Abejorral,05002
base.city_co_05_004,base.state_co_05,Abriaqui,05004
base.city_co_05_021,base.state_co_05,Alejandria,05021
base.city_co_05_030,base.state_co_05,Amaga,05030
base.city_co_05_031,base.state_co_05,Amalfi,05031
base.city_co_05_034,base.state_co_05,Andes,05034
base.city_co_05_036,base.state_co_05,Angelopolis,05036
base.city_co_05_038,base.state_co_05,Angostura,05038
base.city_co_05_040,base.state_co_05,Anori,05040
base.city_co_05_042,base.state_co_05,Santafe De Antioquia,05042
base.city_co_05_044,base.state_co_05,Anza,05044
base.city_co_05_045,base.state_co_05,Apartado,05045
base.city_co_05_051,base.state_co_05,Arboletes,05051
base.city_co_05_055,base.state_co_05,Argelia,05055
base.city_co_05_059,base.state_co_05,Armenia,05059
base.city_co_05_079,base.state_co_05,Barbosa,05079
base.city_co_05_086,base.state_co_05,Belmira,05086
base.city_co_05_088,base.state_co_05,Bello,05088
base.city_co_05_091,base.state_co_05,Betania,05091
base.city_co_05_093,base.state_co_05,Betulia,05093
base.city_co_05_101,base.state_co_05,Ciudad Bolivar,05101
base.city_co_05_107,base.state_co_05,Briceño,05107
base.city_co_05_113,base.state_co_05,Buritica,05113
base.city_co_05_120,base.state_co_05,Caceres,05120
base.city_co_05_125,base.state_co_05,Caicedo,05125
base.city_co_05_129,base.state_co_05,Caldas,05129
base.city_co_05_134,base.state_co_05,Campamento,05134
base.city_co_05_138,base.state_co_05,Cañasgordas,05138
base.city_co_05_142,base.state_co_05,Caracoli,05142
base.city_co_05_145,base.state_co_05,Caramanta,05145
base.city_co_05_147,base.state_co_05,Carepa,05147
base.city_co_05_148,base.state_co_05,El Carmen De Viboral,05148
base.city_co_05_150,base.state_co_05,Carolina,05150
base.city_co_05_154,base.state_co_05,Caucasia,05154
base.city_co_05_172,base.state_co_05,Chigorodo,05172
base.city_co_05_190,base.state_co_05,Cisneros,05190
base.city_co_05_197,base.state_co_05,Cocorna,05197
base.city_co_05_206,base.state_co_05,Concepcion,05206
base.city_co_05_209,base.state_co_05,Concordia,05209
base.city_co_05_212,base.state_co_05,Copacabana,05212
base.city_co_05_234,base.state_co_05,Dabeiba,05234
base.city_co_05_237,base.state_co_05,Don Matias,05237
base.city_co_05_240,base.state_co_05,Ebejico,05240
base.city_co_05_250,base.state_co_05,El Bagre,05250
base.city_co_05_264,base.state_co_05,Entrerrios,05264
base.city_co_05_266,base.state_co_05,Envigado,05266
base.city_co_05_282,base.state_co_05,Fredonia,05282
base.city_co_05_284,base.state_co_05,Frontino,05284
base.city_co_05_306,base.state_co_05,Giraldo,05306
base.city_co_05_308,base.state_co_05,Girardota,05308
base.city_co_05_310,base.state_co_05,Gomez Plata,05310
base.city_co_05_313,base.state_co_05,Granada,05313
base.city_co_05_315,base.state_co_05,Guadalupe,05315
base.city_co_05_318,base.state_co_05,Guarne,05318
base.city_co_05_321,base.state_co_05,Guatape,05321
base.city_co_05_347,base.state_co_05,Heliconia,05347
base.city_co_05_353,base.state_co_05,Hispania,05353
base.city_co_05_360,base.state_co_05,Itagui,05360
base.city_co_05_361,base.state_co_05,Ituango,05361
base.city_co_05_364,base.state_co_05,Jardin,05364
base.city_co_05_368,base.state_co_05,Jerico,05368
base.city_co_05_376,base.state_co_05,La Ceja,05376
base.city_co_05_380,base.state_co_05,La Estrella,05380
base.city_co_05_390,base.state_co_05,La Pintada,05390
base.city_co_05_400,base.state_co_05,La Union,05400
base.city_co_05_411,base.state_co_05,Liborina,05411
base.city_co_05_425,base.state_co_05,Maceo,05425
base.city_co_05_440,base.state_co_05,Marinilla,05440
base.city_co_05_467,base.state_co_05,Montebello,05467
base.city_co_05_475,base.state_co_05,Murindo,05475
base.city_co_05_480,base.state_co_05,Mutata,05480
base.city_co_05_483,base.state_co_05,Nariño,05483
base.city_co_05_490,base.state_co_05,Necocli,05490
base.city_co_05_495,base.state_co_05,Nechi,05495
base.city_co_05_501,base.state_co_05,Olaya,05501
base.city_co_05_541,base.state_co_05,Peñol,05541
base.city_co_05_543,base.state_co_05,Peque,05543
base.city_co_05_576,base.state_co_05,Pueblorrico,05576
base.city_co_05_579,base.state_co_05,Puerto Berrio,05579
base.city_co_05_585,base.state_co_05,Puerto Nare,05585
base.city_co_05_591,base.state_co_05,Puerto Triunfo,05591
base.city_co_05_604,base.state_co_05,Remedios,05604
base.city_co_05_607,base.state_co_05,Retiro,05607
base.city_co_05_615,base.state_co_05,Rionegro,05615
base.city_co_05_628,base.state_co_05,Sabanalarga,05628
base.city_co_05_631,base.state_co_05,Sabaneta,05631
base.city_co_05_642,base.state_co_05,Salgar,05642
base.city_co_05_647,base.state_co_05,San Andres De Cuerquia,05647
base.city_co_05_649,base.state_co_05,San Carlos,05649
base.city_co_05_652,base.state_co_05,San Francisco,05652
base.city_co_05_656,base.state_co_05,San Jeronimo,05656
base.city_co_05_658,base.state_co_05,San Jose De La Montaña,05658
base.city_co_05_659,base.state_co_05,San Juan De Uraba,05659
base.city_co_05_660,base.state_co_05,San Luis,05660
base.city_co_05_664,base.state_co_05,San Pedro,05664
base.city_co_05_665,base.state_co_05,San Pedro De Uraba,05665
base.city_co_05_667,base.state_co_05,San Rafael,05667
base.city_co_05_670,base.state_co_05,San Roque,05670
base.city_co_05_674,base.state_co_05,San Vicente,05674
base.city_co_05_679,base.state_co_05,Santa Barbara,05679
base.city_co_05_686,base.state_co_05,Santa Rosa De Osos,05686
base.city_co_05_690,base.state_co_05,Santo Domingo,05690
base.city_co_05_697,base.state_co_05,El Santuario,05697
base.city_co_05_736,base.state_co_05,Segovia,05736
base.city_co_05_756,base.state_co_05,Sonson,05756
base.city_co_05_761,base.state_co_05,Sopetran,05761
base.city_co_05_789,base.state_co_05,Tamesis,05789
base.city_co_05_790,base.state_co_05,Taraza,05790
base.city_co_05_792,base.state_co_05,Tarso,05792
base.city_co_05_809,base.state_co_05,Titiribi,05809
base.city_co_05_819,base.state_co_05,Toledo,05819
base.city_co_05_837,base.state_co_05,Turbo,05837
base.city_co_05_842,base.state_co_05,Uramita,05842
base.city_co_05_847,base.state_co_05,Urrao,05847
base.city_co_05_854,base.state_co_05,Valdivia,05854
base.city_co_05_856,base.state_co_05,Valparaiso,05856
base.city_co_05_858,base.state_co_05,Vegachi,05858
base.city_co_05_861,base.state_co_05,Venecia,05861
base.city_co_05_873,base.state_co_05,Vigia Del Fuerte,05873
base.city_co_05_885,base.state_co_05,Yali,05885
base.city_co_05_887,base.state_co_05,Yarumal,05887
base.city_co_05_890,base.state_co_05,Yolombo,05890
base.city_co_05_893,base.state_co_05,Yondo,05893
base.city_co_05_895,base.state_co_05,Zaragoza,05895
base.city_co_08_001,base.state_co_08,Barranquilla,08001
base.city_co_08_078,base.state_co_08,Baranoa,08078
base.city_co_08_137,base.state_co_08,Campo De La Cruz,08137
base.city_co_08_141,base.state_co_08,Candelaria,08141
base.city_co_08_296,base.state_co_08,Galapa,08296
base.city_co_08_372,base.state_co_08,Juan De Acosta,08372
base.city_co_08_421,base.state_co_08,Luruaco,08421
base.city_co_08_433,base.state_co_08,Malambo,08433
base.city_co_08_436,base.state_co_08,Manati,08436
base.city_co_08_520,base.state_co_08,Palmar De Varela,08520
base.city_co_08_549,base.state_co_08,Piojo,08549
base.city_co_08_558,base.state_co_08,Polonuevo,08558
base.city_co_08_560,base.state_co_08,Ponedera,08560
base.city_co_08_573,base.state_co_08,Puerto Colombia,08573
base.city_co_08_606,base.state_co_08,Repelon,08606
base.city_co_08_634,base.state_co_08,Sabanagrande,08634
base.city_co_08_638,base.state_co_08,Sabanalarga,08638
base.city_co_08_675,base.state_co_08,Santa Lucia,08675
base.city_co_08_685,base.state_co_08,Santo Tomas,08685
base.city_co_08_758,base.state_co_08,Soledad,08758
base.city_co_08_770,base.state_co_08,Suan,08770
base.city_co_08_832,base.state_co_08,Tubara,08832
base.city_co_08_849,base.state_co_08,Usiacuri,08849
base.city_co_11_001,base.state_co_11,"Bogota, D.C.",11001
base.city_co_13_001,base.state_co_13,Cartagena,13001
base.city_co_13_006,base.state_co_13,Achi,13006
base.city_co_13_030,base.state_co_13,Altos Del Rosario,13030
base.city_co_13_042,base.state_co_13,Arenal,13042
base.city_co_13_052,base.state_co_13,Arjona,13052
base.city_co_13_062,base.state_co_13,Arroyohondo,13062
base.city_co_13_074,base.state_co_13,Barranco De Loba,13074
base.city_co_13_140,base.state_co_13,Calamar,13140
base.city_co_13_160,base.state_co_13,Cantagallo,13160
base.city_co_13_188,base.state_co_13,Cicuco,13188
base.city_co_13_212,base.state_co_13,Cordoba,13212
base.city_co_13_222,base.state_co_13,Clemencia,13222
base.city_co_13_244,base.state_co_13,El Carmen De Bolivar,13244
base.city_co_13_248,base.state_co_13,El Guamo,13248
base.city_co_13_268,base.state_co_13,El Peñon,13268
base.city_co_13_300,base.state_co_13,Hatillo De Loba,13300
base.city_co_13_430,base.state_co_13,Magangue,13430
base.city_co_13_433,base.state_co_13,Mahates,13433
base.city_co_13_440,base.state_co_13,Margarita,13440
base.city_co_13_442,base.state_co_13,Maria La Baja,13442
base.city_co_13_458,base.state_co_13,Montecristo,13458
base.city_co_13_468,base.state_co_13,Mompos,13468
base.city_co_13_490,base.state_co_13,Norosi,13490
base.city_co_13_473,base.state_co_13,Morales,13473
base.city_co_13_549,base.state_co_13,Pinillos,13549
base.city_co_13_580,base.state_co_13,Regidor,13580
base.city_co_13_600,base.state_co_13,Rio Viejo,13600
base.city_co_13_620,base.state_co_13,San Cristobal,13620
base.city_co_13_647,base.state_co_13,San Estanislao,13647
base.city_co_13_650,base.state_co_13,San Fernando,13650
base.city_co_13_654,base.state_co_13,San Jacinto,13654
base.city_co_13_655,base.state_co_13,San Jacinto Del Cauca,13655
base.city_co_13_657,base.state_co_13,San Juan Nepomuceno,13657
base.city_co_13_667,base.state_co_13,San Martin De Loba,13667
base.city_co_13_670,base.state_co_13,San Pablo,13670
base.city_co_13_673,base.state_co_13,Santa Catalina,13673
base.city_co_13_683,base.state_co_13,Santa Rosa,13683
base.city_co_13_688,base.state_co_13,Santa Rosa Del Sur,13688
base.city_co_13_744,base.state_co_13,Simiti,13744
base.city_co_13_760,base.state_co_13,Soplaviento,13760
base.city_co_13_780,base.state_co_13,Talaigua Nuevo,13780
base.city_co_13_810,base.state_co_13,Tiquisio,13810
base.city_co_13_836,base.state_co_13,Turbaco,13836
base.city_co_13_838,base.state_co_13,Turbana,13838
base.city_co_13_873,base.state_co_13,Villanueva,13873
base.city_co_13_894,base.state_co_13,Zambrano,13894
base.city_co_15_001,base.state_co_15,Tunja,15001
base.city_co_15_022,base.state_co_15,Almeida,15022
base.city_co_15_047,base.state_co_15,Aquitania,15047
base.city_co_15_051,base.state_co_15,Arcabuco,15051
base.city_co_15_087,base.state_co_15,Belen,15087
base.city_co_15_090,base.state_co_15,Berbeo,15090
base.city_co_15_092,base.state_co_15,Beteitiva,15092
base.city_co_15_097,base.state_co_15,Boavita,15097
base.city_co_15_104,base.state_co_15,Boyaca,15104
base.city_co_15_106,base.state_co_15,Briceño,15106
base.city_co_15_109,base.state_co_15,Buenavista,15109
base.city_co_15_114,base.state_co_15,Busbanza,15114
base.city_co_15_131,base.state_co_15,Caldas,15131
base.city_co_15_135,base.state_co_15,Campohermoso,15135
base.city_co_15_162,base.state_co_15,Cerinza,15162
base.city_co_15_172,base.state_co_15,Chinavita,15172
base.city_co_15_176,base.state_co_15,Chiquinquira,15176
base.city_co_15_180,base.state_co_15,Chiscas,15180
base.city_co_15_183,base.state_co_15,Chita,15183
base.city_co_15_185,base.state_co_15,Chitaraque,15185
base.city_co_15_187,base.state_co_15,Chivata,15187
base.city_co_15_189,base.state_co_15,Cienega,15189
base.city_co_15_204,base.state_co_15,Combita,15204
base.city_co_15_212,base.state_co_15,Coper,15212
base.city_co_15_215,base.state_co_15,Corrales,15215
base.city_co_15_218,base.state_co_15,Covarachia,15218
base.city_co_15_223,base.state_co_15,Cubara,15223
base.city_co_15_224,base.state_co_15,Cucaita,15224
base.city_co_15_226,base.state_co_15,Cuitiva,15226
base.city_co_15_232,base.state_co_15,Chiquiza,15232
base.city_co_15_236,base.state_co_15,Chivor,15236
base.city_co_15_238,base.state_co_15,Duitama,15238
base.city_co_15_244,base.state_co_15,El Cocuy,15244
base.city_co_15_248,base.state_co_15,El Espino,15248
base.city_co_15_272,base.state_co_15,Firavitoba,15272
base.city_co_15_276,base.state_co_15,Floresta,15276
base.city_co_15_293,base.state_co_15,Gachantiva,15293
base.city_co_15_296,base.state_co_15,Gameza,15296
base.city_co_15_299,base.state_co_15,Garagoa,15299
base.city_co_15_317,base.state_co_15,Guacamayas,15317
base.city_co_15_322,base.state_co_15,Guateque,15322
base.city_co_15_325,base.state_co_15,Guayata,15325
base.city_co_15_332,base.state_co_15,Gsican,15332
base.city_co_15_362,base.state_co_15,Iza,15362
base.city_co_15_367,base.state_co_15,Jenesano,15367
base.city_co_15_368,base.state_co_15,Jerico,15368
base.city_co_15_377,base.state_co_15,Labranzagrande,15377
base.city_co_15_380,base.state_co_15,La Capilla,15380
base.city_co_15_401,base.state_co_15,La Victoria,15401
base.city_co_15_403,base.state_co_15,La Uvita,15403
base.city_co_15_407,base.state_co_15,Villa De Leyva,15407
base.city_co_15_425,base.state_co_15,Macanal,15425
base.city_co_15_442,base.state_co_15,Maripi,15442
base.city_co_15_455,base.state_co_15,Miraflores,15455
base.city_co_15_464,base.state_co_15,Mongua,15464
base.city_co_15_466,base.state_co_15,Mongui,15466
base.city_co_15_469,base.state_co_15,Moniquira,15469
base.city_co_15_476,base.state_co_15,Motavita,15476
base.city_co_15_480,base.state_co_15,Muzo,15480
base.city_co_15_491,base.state_co_15,Nobsa,15491
base.city_co_15_494,base.state_co_15,Nuevo Colon,15494
base.city_co_15_500,base.state_co_15,Oicata,15500
base.city_co_15_507,base.state_co_15,Otanche,15507
base.city_co_15_511,base.state_co_15,Pachavita,15511
base.city_co_15_514,base.state_co_15,Paez,15514
base.city_co_15_516,base.state_co_15,Paipa,15516
base.city_co_15_518,base.state_co_15,Pajarito,15518
base.city_co_15_522,base.state_co_15,Panqueba,15522
base.city_co_15_531,base.state_co_15,Pauna,15531
base.city_co_15_533,base.state_co_15,Paya,15533
base.city_co_15_537,base.state_co_15,Paz De Rio,15537
base.city_co_15_542,base.state_co_15,Pesca,15542
base.city_co_15_550,base.state_co_15,Pisba,15550
base.city_co_15_572,base.state_co_15,Puerto Boyaca,15572
base.city_co_15_580,base.state_co_15,Quipama,15580
base.city_co_15_599,base.state_co_15,Ramiriqui,15599
base.city_co_15_600,base.state_co_15,Raquira,15600
base.city_co_15_621,base.state_co_15,Rondon,15621
base.city_co_15_632,base.state_co_15,Saboya,15632
base.city_co_15_638,base.state_co_15,Sachica,15638
base.city_co_15_646,base.state_co_15,Samaca,15646
base.city_co_15_660,base.state_co_15,San Eduardo,15660
base.city_co_15_664,base.state_co_15,San Jose De Pare,15664
base.city_co_15_667,base.state_co_15,San Luis De Gaceno,15667
base.city_co_15_673,base.state_co_15,San Mateo,15673
base.city_co_15_676,base.state_co_15,San Miguel De Sema,15676
base.city_co_15_681,base.state_co_15,San Pablo De Borbur,15681
base.city_co_15_686,base.state_co_15,Santana,15686
base.city_co_15_690,base.state_co_15,Santa Maria,15690
base.city_co_15_693,base.state_co_15,Santa Rosa De Viterbo,15693
base.city_co_15_696,base.state_co_15,Santa Sofia,15696
base.city_co_15_720,base.state_co_15,Sativanorte,15720
base.city_co_15_723,base.state_co_15,Sativasur,15723
base.city_co_15_740,base.state_co_15,Siachoque,15740
base.city_co_15_753,base.state_co_15,Soata,15753
base.city_co_15_755,base.state_co_15,Socota,15755
base.city_co_15_757,base.state_co_15,Socha,15757
base.city_co_15_759,base.state_co_15,Sogamoso,15759
base.city_co_15_761,base.state_co_15,Somondoco,15761
base.city_co_15_762,base.state_co_15,Sora,15762
base.city_co_15_763,base.state_co_15,Sotaquira,15763
base.city_co_15_764,base.state_co_15,Soraca,15764
base.city_co_15_774,base.state_co_15,Susacon,15774
base.city_co_15_776,base.state_co_15,Sutamarchan,15776
base.city_co_15_778,base.state_co_15,Sutatenza,15778
base.city_co_15_790,base.state_co_15,Tasco,15790
base.city_co_15_798,base.state_co_15,Tenza,15798
base.city_co_15_804,base.state_co_15,Tibana,15804
base.city_co_15_806,base.state_co_15,Tibasosa,15806
base.city_co_15_808,base.state_co_15,Tinjaca,15808
base.city_co_15_810,base.state_co_15,Tipacoque,15810
base.city_co_15_814,base.state_co_15,Toca,15814
base.city_co_15_816,base.state_co_15,Togsi,15816
base.city_co_15_820,base.state_co_15,Topaga,15820
base.city_co_15_822,base.state_co_15,Tota,15822
base.city_co_15_832,base.state_co_15,Tunungua,15832
base.city_co_15_835,base.state_co_15,Turmeque,15835
base.city_co_15_837,base.state_co_15,Tuta,15837
base.city_co_15_839,base.state_co_15,Tutaza,15839
base.city_co_15_842,base.state_co_15,Umbita,15842
base.city_co_15_861,base.state_co_15,Ventaquemada,15861
base.city_co_15_879,base.state_co_15,Viracacha,15879
base.city_co_15_897,base.state_co_15,Zetaquira,15897
base.city_co_17_001,base.state_co_17,Manizales,17001
base.city_co_17_013,base.state_co_17,Aguadas,17013
base.city_co_17_042,base.state_co_17,Anserma,17042
base.city_co_17_050,base.state_co_17,Aranzazu,17050
base.city_co_17_088,base.state_co_17,Belalcazar,17088
base.city_co_17_174,base.state_co_17,Chinchina,17174
base.city_co_17_272,base.state_co_17,Filadelfia,17272
base.city_co_17_380,base.state_co_17,La Dorada,17380
base.city_co_17_388,base.state_co_17,La Merced,17388
base.city_co_17_433,base.state_co_17,Manzanares,17433
base.city_co_17_442,base.state_co_17,Marmato,17442
base.city_co_17_444,base.state_co_17,Marquetalia,17444
base.city_co_17_446,base.state_co_17,Marulanda,17446
base.city_co_17_486,base.state_co_17,Neira,17486
base.city_co_17_495,base.state_co_17,Norcasia,17495
base.city_co_17_513,base.state_co_17,Pacora,17513
base.city_co_17_524,base.state_co_17,Palestina,17524
base.city_co_17_541,base.state_co_17,Pensilvania,17541
base.city_co_17_614,base.state_co_17,Riosucio,17614
base.city_co_17_616,base.state_co_17,Risaralda,17616
base.city_co_17_653,base.state_co_17,Salamina,17653
base.city_co_17_662,base.state_co_17,Samana,17662
base.city_co_17_665,base.state_co_17,San Jose,17665
base.city_co_17_777,base.state_co_17,Supia,17777
base.city_co_17_867,base.state_co_17,Victoria,17867
base.city_co_17_873,base.state_co_17,Villamaria,17873
base.city_co_17_877,base.state_co_17,Viterbo,17877
base.city_co_18_001,base.state_co_18,Florencia,18001
base.city_co_18_029,base.state_co_18,Albania,18029
base.city_co_18_094,base.state_co_18,Belen De Los Andaquies,18094
base.city_co_18_150,base.state_co_18,Cartagena Del Chaira,18150
base.city_co_18_205,base.state_co_18,Curillo,18205
base.city_co_18_247,base.state_co_18,El Doncello,18247
base.city_co_18_256,base.state_co_18,El Paujil,18256
base.city_co_18_410,base.state_co_18,La Montañita,18410
base.city_co_18_460,base.state_co_18,Milan,18460
base.city_co_18_479,base.state_co_18,Morelia,18479
base.city_co_18_592,base.state_co_18,Puerto Rico,18592
base.city_co_18_610,base.state_co_18,San Jose Del Fragua,18610
base.city_co_18_753,base.state_co_18,San Vicente Del Caguan,18753
base.city_co_18_756,base.state_co_18,Solano,18756
base.city_co_18_785,base.state_co_18,Solita,18785
base.city_co_18_860,base.state_co_18,Valparaiso,18860
base.city_co_19_001,base.state_co_19,Popayan,19001
base.city_co_19_022,base.state_co_19,Almaguer,19022
base.city_co_19_050,base.state_co_19,Argelia,19050
base.city_co_19_075,base.state_co_19,Balboa,19075
base.city_co_19_100,base.state_co_19,Bolivar,19100
base.city_co_19_110,base.state_co_19,Buenos Aires,19110
base.city_co_19_130,base.state_co_19,Cajibio,19130
base.city_co_19_137,base.state_co_19,Caldono,19137
base.city_co_19_142,base.state_co_19,Caloto,19142
base.city_co_19_212,base.state_co_19,Corinto,19212
base.city_co_19_256,base.state_co_19,El Tambo,19256
base.city_co_19_290,base.state_co_19,Florencia,19290
base.city_co_19_300,base.state_co_19,Guachene,19300
base.city_co_19_318,base.state_co_19,Guapi,19318
base.city_co_19_355,base.state_co_19,Inza,19355
base.city_co_19_364,base.state_co_19,Jambalo,19364
base.city_co_19_392,base.state_co_19,La Sierra,19392
base.city_co_19_397,base.state_co_19,La Vega,19397
base.city_co_19_418,base.state_co_19,Lopez,19418
base.city_co_19_450,base.state_co_19,Mercaderes,19450
base.city_co_19_455,base.state_co_19,Miranda,19455
base.city_co_19_473,base.state_co_19,Morales,19473
base.city_co_19_513,base.state_co_19,Padilla,19513
base.city_co_19_517,base.state_co_19,Paez,19517
base.city_co_19_532,base.state_co_19,Patia,19532
base.city_co_19_533,base.state_co_19,Piamonte,19533
base.city_co_19_548,base.state_co_19,Piendamo,19548
base.city_co_19_573,base.state_co_19,Puerto Tejada,19573
base.city_co_19_585,base.state_co_19,Purace,19585
base.city_co_19_622,base.state_co_19,Rosas,19622
base.city_co_19_693,base.state_co_19,San Sebastian,19693
base.city_co_19_698,base.state_co_19,Santander De Quilichao,19698
base.city_co_19_701,base.state_co_19,Santa Rosa,19701
base.city_co_19_743,base.state_co_19,Silvia,19743
base.city_co_19_760,base.state_co_19,Sotara,19760
base.city_co_19_780,base.state_co_19,Suarez,19780
base.city_co_19_785,base.state_co_19,Sucre,19785
base.city_co_19_807,base.state_co_19,Timbio,19807
base.city_co_19_809,base.state_co_19,Timbiqui,19809
base.city_co_19_821,base.state_co_19,Toribio,19821
base.city_co_19_824,base.state_co_19,Totoro,19824
base.city_co_19_845,base.state_co_19,Villa Rica,19845
base.city_co_20_001,base.state_co_20,Valledupar,20001
base.city_co_20_011,base.state_co_20,Aguachica,20011
base.city_co_20_013,base.state_co_20,Agustin Codazzi,20013
base.city_co_20_032,base.state_co_20,Astrea,20032
base.city_co_20_045,base.state_co_20,Becerril,20045
base.city_co_20_060,base.state_co_20,Bosconia,20060
base.city_co_20_175,base.state_co_20,Chimichagua,20175
base.city_co_20_178,base.state_co_20,Chiriguana,20178
base.city_co_20_228,base.state_co_20,Curumani,20228
base.city_co_20_238,base.state_co_20,El Copey,20238
base.city_co_20_250,base.state_co_20,El Paso,20250
base.city_co_20_295,base.state_co_20,Gamarra,20295
base.city_co_20_310,base.state_co_20,Gonzalez,20310
base.city_co_20_383,base.state_co_20,La Gloria,20383
base.city_co_20_400,base.state_co_20,La Jagua De Ibirico,20400
base.city_co_20_443,base.state_co_20,Manaure,20443
base.city_co_20_517,base.state_co_20,Pailitas,20517
base.city_co_20_550,base.state_co_20,Pelaya,20550
base.city_co_20_570,base.state_co_20,Pueblo Bello,20570
base.city_co_20_614,base.state_co_20,Rio De Oro,20614
base.city_co_20_621,base.state_co_20,La Paz,20621
base.city_co_20_710,base.state_co_20,San Alberto,20710
base.city_co_20_750,base.state_co_20,San Diego,20750
base.city_co_20_770,base.state_co_20,San Martin,20770
base.city_co_20_787,base.state_co_20,Tamalameque,20787
base.city_co_23_001,base.state_co_23,Monteria,23001
base.city_co_23_068,base.state_co_23,Ayapel,23068
base.city_co_23_079,base.state_co_23,Buenavista,23079
base.city_co_23_090,base.state_co_23,Canalete,23090
base.city_co_23_162,base.state_co_23,Cerete,23162
base.city_co_23_168,base.state_co_23,Chima,23168
base.city_co_23_182,base.state_co_23,Chinu,23182
base.city_co_23_189,base.state_co_23,Cienaga De Oro,23189
base.city_co_23_300,base.state_co_23,Cotorra,23300
base.city_co_23_350,base.state_co_23,La Apartada,23350
base.city_co_23_417,base.state_co_23,Lorica,23417
base.city_co_23_419,base.state_co_23,Los Cordobas,23419
base.city_co_23_464,base.state_co_23,Momil,23464
base.city_co_23_466,base.state_co_23,Montelibano,23466
base.city_co_23_500,base.state_co_23,Moñitos,23500
base.city_co_23_555,base.state_co_23,Planeta Rica,23555
base.city_co_23_570,base.state_co_23,Pueblo Nuevo,23570
base.city_co_23_574,base.state_co_23,Puerto Escondido,23574
base.city_co_23_580,base.state_co_23,Puerto Libertador,23580
base.city_co_23_586,base.state_co_23,Purisima,23586
base.city_co_23_660,base.state_co_23,Sahagun,23660
base.city_co_23_670,base.state_co_23,San Andres Sotavento,23670
base.city_co_23_672,base.state_co_23,San Antero,23672
base.city_co_23_675,base.state_co_23,San Bernardo Del Viento,23675
base.city_co_23_678,base.state_co_23,San Carlos,23678
base.city_co_23_686,base.state_co_23,San Pelayo,23686
base.city_co_23_807,base.state_co_23,Tierralta,23807
base.city_co_23_855,base.state_co_23,Valencia,23855
base.city_co_25_001,base.state_co_25,Agua De Dios,25001
base.city_co_25_019,base.state_co_25,Alban,25019
base.city_co_25_035,base.state_co_25,Anapoima,25035
base.city_co_25_040,base.state_co_25,Anolaima,25040
base.city_co_25_053,base.state_co_25,Arbelaez,25053
base.city_co_25_086,base.state_co_25,Beltran,25086
base.city_co_25_095,base.state_co_25,Bituima,25095
base.city_co_25_099,base.state_co_25,Bojaca,25099
base.city_co_25_120,base.state_co_25,Cabrera,25120
base.city_co_25_123,base.state_co_25,Cachipay,25123
base.city_co_25_126,base.state_co_25,Cajica,25126
base.city_co_25_148,base.state_co_25,Caparrapi,25148
base.city_co_25_151,base.state_co_25,Caqueza,25151
base.city_co_25_154,base.state_co_25,Carmen De Carupa,25154
base.city_co_25_168,base.state_co_25,Chaguani,25168
base.city_co_25_175,base.state_co_25,Chia,25175
base.city_co_25_178,base.state_co_25,Chipaque,25178
base.city_co_25_181,base.state_co_25,Choachi,25181
base.city_co_25_183,base.state_co_25,Choconta,25183
base.city_co_25_200,base.state_co_25,Cogua,25200
base.city_co_25_214,base.state_co_25,Cota,25214
base.city_co_25_224,base.state_co_25,Cucunuba,25224
base.city_co_25_245,base.state_co_25,El Colegio,25245
base.city_co_25_258,base.state_co_25,El Peñon,25258
base.city_co_25_260,base.state_co_25,El Rosal,25260
base.city_co_25_269,base.state_co_25,Facatativa,25269
base.city_co_25_279,base.state_co_25,Fomeque,25279
base.city_co_25_281,base.state_co_25,Fosca,25281
base.city_co_25_286,base.state_co_25,Funza,25286
base.city_co_25_288,base.state_co_25,Fuquene,25288
base.city_co_25_290,base.state_co_25,Fusagasuga,25290
base.city_co_25_293,base.state_co_25,Gachala,25293
base.city_co_25_295,base.state_co_25,Gachancipa,25295
base.city_co_25_297,base.state_co_25,Gacheta,25297
base.city_co_25_299,base.state_co_25,Gama,25299
base.city_co_25_307,base.state_co_25,Girardot,25307
base.city_co_25_312,base.state_co_25,Granada,25312
base.city_co_25_317,base.state_co_25,Guacheta,25317
base.city_co_25_320,base.state_co_25,Guaduas,25320
base.city_co_25_322,base.state_co_25,Guasca,25322
base.city_co_25_324,base.state_co_25,Guataqui,25324
base.city_co_25_326,base.state_co_25,Guatavita,25326
base.city_co_25_328,base.state_co_25,Guayabal De Siquima,25328
base.city_co_25_335,base.state_co_25,Guayabetal,25335
base.city_co_25_339,base.state_co_25,Gutierrez,25339
base.city_co_25_368,base.state_co_25,Jerusalen,25368
base.city_co_25_372,base.state_co_25,Junin,25372
base.city_co_25_377,base.state_co_25,La Calera,25377
base.city_co_25_386,base.state_co_25,La Mesa,25386
base.city_co_25_394,base.state_co_25,La Palma,25394
base.city_co_25_398,base.state_co_25,La Peña,25398
base.city_co_25_402,base.state_co_25,La Vega,25402
base.city_co_25_407,base.state_co_25,Lenguazaque,25407
base.city_co_25_426,base.state_co_25,Macheta,25426
base.city_co_25_430,base.state_co_25,Madrid,25430
base.city_co_25_436,base.state_co_25,Manta,25436
base.city_co_25_438,base.state_co_25,Medina,25438
base.city_co_25_473,base.state_co_25,Mosquera,25473
base.city_co_25_483,base.state_co_25,Nariño,25483
base.city_co_25_486,base.state_co_25,Nemocon,25486
base.city_co_25_488,base.state_co_25,Nilo,25488
base.city_co_25_489,base.state_co_25,Nimaima,25489
base.city_co_25_491,base.state_co_25,Nocaima,25491
base.city_co_25_506,base.state_co_25,Venecia,25506
base.city_co_25_513,base.state_co_25,Pacho,25513
base.city_co_25_518,base.state_co_25,Paime,25518
base.city_co_25_524,base.state_co_25,Pandi,25524
base.city_co_25_530,base.state_co_25,Paratebueno,25530
base.city_co_25_535,base.state_co_25,Pasca,25535
base.city_co_25_572,base.state_co_25,Puerto Salgar,25572
base.city_co_25_580,base.state_co_25,Puli,25580
base.city_co_25_592,base.state_co_25,Quebradanegra,25592
base.city_co_25_594,base.state_co_25,Quetame,25594
base.city_co_25_596,base.state_co_25,Quipile,25596
base.city_co_25_599,base.state_co_25,Apulo,25599
base.city_co_25_612,base.state_co_25,Ricaurte,25612
base.city_co_25_645,base.state_co_25,San Antonio Del Tequendama,25645
base.city_co_25_649,base.state_co_25,San Bernardo,25649
base.city_co_25_653,base.state_co_25,San Cayetano,25653
base.city_co_25_658,base.state_co_25,San Francisco,25658
base.city_co_25_662,base.state_co_25,San Juan De Rio Seco,25662
base.city_co_25_718,base.state_co_25,Sasaima,25718
base.city_co_25_736,base.state_co_25,Sesquile,25736
base.city_co_25_740,base.state_co_25,Sibate,25740
base.city_co_25_743,base.state_co_25,Silvania,25743
base.city_co_25_745,base.state_co_25,Simijaca,25745
base.city_co_25_754,base.state_co_25,Soacha,25754
base.city_co_25_758,base.state_co_25,Sopo,25758
base.city_co_25_769,base.state_co_25,Subachoque,25769
base.city_co_25_772,base.state_co_25,Suesca,25772
base.city_co_25_777,base.state_co_25,Supata,25777
base.city_co_25_779,base.state_co_25,Susa,25779
base.city_co_25_781,base.state_co_25,Sutatausa,25781
base.city_co_25_785,base.state_co_25,Tabio,25785
base.city_co_25_793,base.state_co_25,Tausa,25793
base.city_co_25_797,base.state_co_25,Tena,25797
base.city_co_25_799,base.state_co_25,Tenjo,25799
base.city_co_25_805,base.state_co_25,Tibacuy,25805
base.city_co_25_807,base.state_co_25,Tibirita,25807
base.city_co_25_815,base.state_co_25,Tocaima,25815
base.city_co_25_817,base.state_co_25,Tocancipa,25817
base.city_co_25_823,base.state_co_25,Topaipi,25823
base.city_co_25_839,base.state_co_25,Ubala,25839
base.city_co_25_841,base.state_co_25,Ubaque,25841
base.city_co_25_843,base.state_co_25,Villa De San Diego De Ubate,25843
base.city_co_25_845,base.state_co_25,Une,25845
base.city_co_25_851,base.state_co_25,Utica,25851
base.city_co_25_862,base.state_co_25,Vergara,25862
base.city_co_25_867,base.state_co_25,Viani,25867
base.city_co_25_871,base.state_co_25,Villagomez,25871
base.city_co_25_873,base.state_co_25,Villapinzon,25873
base.city_co_25_875,base.state_co_25,Villeta,25875
base.city_co_25_878,base.state_co_25,Viota,25878
base.city_co_25_885,base.state_co_25,Yacopi,25885
base.city_co_25_898,base.state_co_25,Zipacon,25898
base.city_co_25_899,base.state_co_25,Zipaquira,25899
base.city_co_27_001,base.state_co_27,Quibdo,27001
base.city_co_27_006,base.state_co_27,Acandi,27006
base.city_co_27_025,base.state_co_27,Alto Baudo,27025
base.city_co_27_050,base.state_co_27,Atrato,27050
base.city_co_27_073,base.state_co_27,Bagado,27073
base.city_co_27_075,base.state_co_27,Bahia Solano,27075
base.city_co_27_077,base.state_co_27,Bajo Baudo,27077
base.city_co_27_099,base.state_co_27,Bojaya,27099
base.city_co_27_135,base.state_co_27,El Canton Del San Pablo,27135
base.city_co_27_150,base.state_co_27,Carmen Del Darien,27150
base.city_co_27_160,base.state_co_27,Certegui,27160
base.city_co_27_205,base.state_co_27,Condoto,27205
base.city_co_27_245,base.state_co_27,El Carmen De Atrato,27245
base.city_co_27_250,base.state_co_27,El Litoral Del San Juan,27250
base.city_co_27_361,base.state_co_27,Istmina,27361
base.city_co_27_372,base.state_co_27,Jurado,27372
base.city_co_27_413,base.state_co_27,Lloro,27413
base.city_co_27_425,base.state_co_27,Medio Atrato,27425
base.city_co_27_430,base.state_co_27,Medio Baudo,27430
base.city_co_27_450,base.state_co_27,Medio San Juan,27450
base.city_co_27_491,base.state_co_27,Novita,27491
base.city_co_27_495,base.state_co_27,Nuqui,27495
base.city_co_27_580,base.state_co_27,Rio Iro,27580
base.city_co_27_600,base.state_co_27,Rio Quito,27600
base.city_co_27_615,base.state_co_27,Riosucio,27615
base.city_co_27_660,base.state_co_27,San Jose Del Palmar,27660
base.city_co_27_745,base.state_co_27,Sipi,27745
base.city_co_27_787,base.state_co_27,Tado,27787
base.city_co_27_800,base.state_co_27,Unguia,27800
base.city_co_27_810,base.state_co_27,Union Panamericana,27810
base.city_co_41_001,base.state_co_41,Neiva,41001
base.city_co_41_006,base.state_co_41,Acevedo,41006
base.city_co_41_013,base.state_co_41,Agrado,41013
base.city_co_41_016,base.state_co_41,Aipe,41016
base.city_co_41_020,base.state_co_41,Algeciras,41020
base.city_co_41_026,base.state_co_41,Altamira,41026
base.city_co_41_078,base.state_co_41,Baraya,41078
base.city_co_41_132,base.state_co_41,Campoalegre,41132
base.city_co_41_206,base.state_co_41,Colombia,41206
base.city_co_41_244,base.state_co_41,Elias,41244
base.city_co_41_298,base.state_co_41,Garzon,41298
base.city_co_41_306,base.state_co_41,Gigante,41306
base.city_co_41_319,base.state_co_41,Guadalupe,41319
base.city_co_41_349,base.state_co_41,Hobo,41349
base.city_co_41_357,base.state_co_41,Iquira,41357
base.city_co_41_359,base.state_co_41,Isnos,41359
base.city_co_41_378,base.state_co_41,La Argentina,41378
base.city_co_41_396,base.state_co_41,La Plata,41396
base.city_co_41_483,base.state_co_41,Nataga,41483
base.city_co_41_503,base.state_co_41,Oporapa,41503
base.city_co_41_518,base.state_co_41,Paicol,41518
base.city_co_41_524,base.state_co_41,Palermo,41524
base.city_co_41_530,base.state_co_41,Palestina,41530
base.city_co_41_548,base.state_co_41,Pital,41548
base.city_co_41_551,base.state_co_41,Pitalito,41551
base.city_co_41_615,base.state_co_41,Rivera,41615
base.city_co_41_660,base.state_co_41,Saladoblanco,41660
base.city_co_41_668,base.state_co_41,San Agustin,41668
base.city_co_41_676,base.state_co_41,Santa Maria,41676
base.city_co_41_770,base.state_co_41,Suaza,41770
base.city_co_41_791,base.state_co_41,Tarqui,41791
base.city_co_41_797,base.state_co_41,Tesalia,41797
base.city_co_41_799,base.state_co_41,Tello,41799
base.city_co_41_801,base.state_co_41,Teruel,41801
base.city_co_41_807,base.state_co_41,Timana,41807
base.city_co_41_872,base.state_co_41,Villavieja,41872
base.city_co_41_885,base.state_co_41,Yaguara,41885
base.city_co_44_001,base.state_co_44,Riohacha,44001
base.city_co_44_035,base.state_co_44,Albania,44035
base.city_co_44_078,base.state_co_44,Barrancas,44078
base.city_co_44_090,base.state_co_44,Dibulla,44090
base.city_co_44_098,base.state_co_44,Distraccion,44098
base.city_co_44_110,base.state_co_44,El Molino,44110
base.city_co_44_279,base.state_co_44,Fonseca,44279
base.city_co_44_378,base.state_co_44,Hatonuevo,44378
base.city_co_44_420,base.state_co_44,La Jagua Del Pilar,44420
base.city_co_44_430,base.state_co_44,Maicao,44430
base.city_co_44_560,base.state_co_44,Manaure,44560
base.city_co_44_650,base.state_co_44,San Juan Del Cesar,44650
base.city_co_44_847,base.state_co_44,Uribia,44847
base.city_co_44_855,base.state_co_44,Urumita,44855
base.city_co_44_874,base.state_co_44,Villanueva,44874
base.city_co_47_001,base.state_co_47,Santa Marta,47001
base.city_co_47_030,base.state_co_47,Algarrobo,47030
base.city_co_47_053,base.state_co_47,Aracataca,47053
base.city_co_47_058,base.state_co_47,Ariguani,47058
base.city_co_47_161,base.state_co_47,Cerro San Antonio,47161
base.city_co_47_170,base.state_co_47,Chibolo,47170
base.city_co_47_189,base.state_co_47,Cienaga,47189
base.city_co_47_205,base.state_co_47,Concordia,47205
base.city_co_47_245,base.state_co_47,El Banco,47245
base.city_co_47_258,base.state_co_47,El Piñon,47258
base.city_co_47_268,base.state_co_47,El Reten,47268
base.city_co_47_288,base.state_co_47,Fundacion,47288
base.city_co_47_318,base.state_co_47,Guamal,47318
base.city_co_47_460,base.state_co_47,Nueva Granada,47460
base.city_co_47_541,base.state_co_47,Pedraza,47541
base.city_co_47_545,base.state_co_47,Pijiño Del Carmen,47545
base.city_co_47_551,base.state_co_47,Pivijay,47551
base.city_co_47_555,base.state_co_47,Plato,47555
base.city_co_47_570,base.state_co_47,Puebloviejo,47570
base.city_co_47_605,base.state_co_47,Remolino,47605
base.city_co_47_660,base.state_co_47,Sabanas De San Angel,47660
base.city_co_47_675,base.state_co_47,Salamina,47675
base.city_co_47_692,base.state_co_47,San Sebastian De Buenavista,47692
base.city_co_47_703,base.state_co_47,San Zenon,47703
base.city_co_47_707,base.state_co_47,Santa Ana,47707
base.city_co_47_720,base.state_co_47,Santa Barbara De Pinto,47720
base.city_co_47_745,base.state_co_47,Sitionuevo,47745
base.city_co_47_798,base.state_co_47,Tenerife,47798
base.city_co_47_960,base.state_co_47,Zapayan,47960
base.city_co_47_980,base.state_co_47,Zona Bananera,47980
base.city_co_50_001,base.state_co_50,Villavicencio,50001
base.city_co_50_006,base.state_co_50,Acacias,50006
base.city_co_50_110,base.state_co_50,Barranca De Upia,50110
base.city_co_50_124,base.state_co_50,Cabuyaro,50124
base.city_co_50_150,base.state_co_50,Castilla La Nueva,50150
base.city_co_50_223,base.state_co_50,Cubarral,50223
base.city_co_50_226,base.state_co_50,Cumaral,50226
base.city_co_50_245,base.state_co_50,El Calvario,50245
base.city_co_50_251,base.state_co_50,El Castillo,50251
base.city_co_50_270,base.state_co_50,El Dorado,50270
base.city_co_50_287,base.state_co_50,Fuente De Oro,50287
base.city_co_50_313,base.state_co_50,Granada,50313
base.city_co_50_318,base.state_co_50,Guamal,50318
base.city_co_50_325,base.state_co_50,Mapiripan,50325
base.city_co_50_330,base.state_co_50,Mesetas,50330
base.city_co_50_350,base.state_co_50,La Macarena,50350
base.city_co_50_370,base.state_co_50,Uribe,50370
base.city_co_50_400,base.state_co_50,Lejanias,50400
base.city_co_50_450,base.state_co_50,Puerto Concordia,50450
base.city_co_50_568,base.state_co_50,Puerto Gaitan,50568
base.city_co_50_573,base.state_co_50,Puerto Lopez,50573
base.city_co_50_577,base.state_co_50,Puerto Lleras,50577
base.city_co_50_590,base.state_co_50,Puerto Rico,50590
base.city_co_50_606,base.state_co_50,Restrepo,50606
base.city_co_50_680,base.state_co_50,San Carlos De Guaroa,50680
base.city_co_50_683,base.state_co_50,San Juan De Arama,50683
base.city_co_50_686,base.state_co_50,San Juanito,50686
base.city_co_50_689,base.state_co_50,San Martin,50689
base.city_co_50_711,base.state_co_50,Vistahermosa,50711
base.city_co_52_001,base.state_co_52,Pasto,52001
base.city_co_52_019,base.state_co_52,Alban,52019
base.city_co_52_022,base.state_co_52,Aldana,52022
base.city_co_52_036,base.state_co_52,Ancuya,52036
base.city_co_52_051,base.state_co_52,Arboleda,52051
base.city_co_52_079,base.state_co_52,Barbacoas,52079
base.city_co_52_083,base.state_co_52,Belen,52083
base.city_co_52_110,base.state_co_52,Buesaco,52110
base.city_co_52_203,base.state_co_52,Colon,52203
base.city_co_52_207,base.state_co_52,Consaca,52207
base.city_co_52_210,base.state_co_52,Contadero,52210
base.city_co_52_215,base.state_co_52,Cordoba,52215
base.city_co_52_224,base.state_co_52,Cuaspud,52224
base.city_co_52_227,base.state_co_52,Cumbal,52227
base.city_co_52_233,base.state_co_52,Cumbitara,52233
base.city_co_52_240,base.state_co_52,Chachagsi,52240
base.city_co_52_250,base.state_co_52,El Charco,52250
base.city_co_52_254,base.state_co_52,El Peñol,52254
base.city_co_52_256,base.state_co_52,El Rosario,52256
base.city_co_52_258,base.state_co_52,El Tablon De Gomez,52258
base.city_co_52_260,base.state_co_52,El Tambo,52260
base.city_co_52_287,base.state_co_52,Funes,52287
base.city_co_52_317,base.state_co_52,Guachucal,52317
base.city_co_52_320,base.state_co_52,Guaitarilla,52320
base.city_co_52_323,base.state_co_52,Gualmatan,52323
base.city_co_52_352,base.state_co_52,Iles,52352
base.city_co_52_354,base.state_co_52,Imues,52354
base.city_co_52_356,base.state_co_52,Ipiales,52356
base.city_co_52_378,base.state_co_52,La Cruz,52378
base.city_co_52_381,base.state_co_52,La Florida,52381
base.city_co_52_385,base.state_co_52,La Llanada,52385
base.city_co_52_390,base.state_co_52,La Tola,52390
base.city_co_52_399,base.state_co_52,La Union,52399
base.city_co_52_405,base.state_co_52,Leiva,52405
base.city_co_52_411,base.state_co_52,Linares,52411
base.city_co_52_418,base.state_co_52,Los Andes,52418
base.city_co_52_427,base.state_co_52,Magsi,52427
base.city_co_52_435,base.state_co_52,Mallama,52435
base.city_co_52_473,base.state_co_52,Mosquera,52473
base.city_co_52_480,base.state_co_52,Nariño,52480
base.city_co_52_490,base.state_co_52,Olaya Herrera,52490
base.city_co_52_506,base.state_co_52,Ospina,52506
base.city_co_52_520,base.state_co_52,Francisco Pizarro,52520
base.city_co_52_540,base.state_co_52,Policarpa,52540
base.city_co_52_560,base.state_co_52,Potosi,52560
base.city_co_52_565,base.state_co_52,Providencia,52565
base.city_co_52_573,base.state_co_52,Puerres,52573
base.city_co_52_585,base.state_co_52,Pupiales,52585
base.city_co_52_612,base.state_co_52,Ricaurte,52612
base.city_co_52_621,base.state_co_52,Roberto Payan,52621
base.city_co_52_678,base.state_co_52,Samaniego,52678
base.city_co_52_683,base.state_co_52,Sandona,52683
base.city_co_52_685,base.state_co_52,San Bernardo,52685
base.city_co_52_687,base.state_co_52,San Lorenzo,52687
base.city_co_52_693,base.state_co_52,San Pablo,52693
base.city_co_52_694,base.state_co_52,San Pedro De Cartago,52694
base.city_co_52_696,base.state_co_52,Santa Barbara,52696
base.city_co_52_699,base.state_co_52,Santacruz,52699
base.city_co_52_720,base.state_co_52,Sapuyes,52720
base.city_co_52_786,base.state_co_52,Taminango,52786
base.city_co_52_788,base.state_co_52,Tangua,52788
base.city_co_52_835,base.state_co_52,San Andres De Tumaco,52835
base.city_co_52_838,base.state_co_52,Tuquerres,52838
base.city_co_52_885,base.state_co_52,Yacuanquer,52885
base.city_co_54_001,base.state_co_54,Cucuta,54001
base.city_co_54_003,base.state_co_54,Abrego,54003
base.city_co_54_051,base.state_co_54,Arboledas,54051
base.city_co_54_099,base.state_co_54,Bochalema,54099
base.city_co_54_109,base.state_co_54,Bucarasica,54109
base.city_co_54_125,base.state_co_54,Cacota,54125
base.city_co_54_128,base.state_co_54,Cachira,54128
base.city_co_54_172,base.state_co_54,Chinacota,54172
base.city_co_54_174,base.state_co_54,Chitaga,54174
base.city_co_54_206,base.state_co_54,Convencion,54206
base.city_co_54_223,base.state_co_54,Cucutilla,54223
base.city_co_54_239,base.state_co_54,Durania,54239
base.city_co_54_245,base.state_co_54,El Carmen,54245
base.city_co_54_250,base.state_co_54,El Tarra,54250
base.city_co_54_261,base.state_co_54,El Zulia,54261
base.city_co_54_313,base.state_co_54,Gramalote,54313
base.city_co_54_344,base.state_co_54,Hacari,54344
base.city_co_54_347,base.state_co_54,Herran,54347
base.city_co_54_377,base.state_co_54,Labateca,54377
base.city_co_54_385,base.state_co_54,La Esperanza,54385
base.city_co_54_398,base.state_co_54,La Playa,54398
base.city_co_54_405,base.state_co_54,Los Patios,54405
base.city_co_54_418,base.state_co_54,Lourdes,54418
base.city_co_54_480,base.state_co_54,Mutiscua,54480
base.city_co_54_498,base.state_co_54,Ocaña,54498
base.city_co_54_518,base.state_co_54,Pamplona,54518
base.city_co_54_520,base.state_co_54,Pamplonita,54520
base.city_co_54_553,base.state_co_54,Puerto Santander,54553
base.city_co_54_599,base.state_co_54,Ragonvalia,54599
base.city_co_54_660,base.state_co_54,Salazar,54660
base.city_co_54_670,base.state_co_54,San Calixto,54670
base.city_co_54_673,base.state_co_54,San Cayetano,54673
base.city_co_54_680,base.state_co_54,Santiago,54680
base.city_co_54_720,base.state_co_54,Sardinata,54720
base.city_co_54_743,base.state_co_54,Silos,54743
base.city_co_54_800,base.state_co_54,Teorama,54800
base.city_co_54_810,base.state_co_54,Tibu,54810
base.city_co_54_820,base.state_co_54,Toledo,54820
base.city_co_54_871,base.state_co_54,Villa Caro,54871
base.city_co_54_874,base.state_co_54,Villa Del Rosario,54874
base.city_co_63_001,base.state_co_63,Armenia,63001
base.city_co_63_111,base.state_co_63,Buenavista,63111
base.city_co_63_130,base.state_co_63,Calarca,63130
base.city_co_63_190,base.state_co_63,Circasia,63190
base.city_co_63_212,base.state_co_63,Cordoba,63212
base.city_co_63_272,base.state_co_63,Filandia,63272
base.city_co_63_302,base.state_co_63,Genova,63302
base.city_co_63_401,base.state_co_63,La Tebaida,63401
base.city_co_63_470,base.state_co_63,Montenegro,63470
base.city_co_63_548,base.state_co_63,Pijao,63548
base.city_co_63_594,base.state_co_63,Quimbaya,63594
base.city_co_63_690,base.state_co_63,Salento,63690
base.city_co_66_001,base.state_co_66,Pereira,66001
base.city_co_66_045,base.state_co_66,Apia,66045
base.city_co_66_075,base.state_co_66,Balboa,66075
base.city_co_66_088,base.state_co_66,Belen De Umbria,66088
base.city_co_66_170,base.state_co_66,Dosquebradas,66170
base.city_co_66_318,base.state_co_66,Guatica,66318
base.city_co_66_383,base.state_co_66,La Celia,66383
base.city_co_66_400,base.state_co_66,La Virginia,66400
base.city_co_66_440,base.state_co_66,Marsella,66440
base.city_co_66_456,base.state_co_66,Mistrato,66456
base.city_co_66_572,base.state_co_66,Pueblo Rico,66572
base.city_co_66_594,base.state_co_66,Quinchia,66594
base.city_co_66_682,base.state_co_66,Santa Rosa De Cabal,66682
base.city_co_66_687,base.state_co_66,Santuario,66687
base.city_co_68_001,base.state_co_68,Bucaramanga,68001
base.city_co_68_013,base.state_co_68,Aguada,68013
base.city_co_68_020,base.state_co_68,Albania,68020
base.city_co_68_051,base.state_co_68,Aratoca,68051
base.city_co_68_077,base.state_co_68,Barbosa,68077
base.city_co_68_079,base.state_co_68,Barichara,68079
base.city_co_68_081,base.state_co_68,Barrancabermeja,68081
base.city_co_68_092,base.state_co_68,Betulia,68092
base.city_co_68_101,base.state_co_68,Bolivar,68101
base.city_co_68_121,base.state_co_68,Cabrera,68121
base.city_co_68_132,base.state_co_68,California,68132
base.city_co_68_147,base.state_co_68,Capitanejo,68147
base.city_co_68_152,base.state_co_68,Carcasi,68152
base.city_co_68_160,base.state_co_68,Cepita,68160
base.city_co_68_162,base.state_co_68,Cerrito,68162
base.city_co_68_167,base.state_co_68,Charala,68167
base.city_co_68_169,base.state_co_68,Charta,68169
base.city_co_68_176,base.state_co_68,Chima,68176
base.city_co_68_179,base.state_co_68,Chipata,68179
base.city_co_68_190,base.state_co_68,Cimitarra,68190
base.city_co_68_207,base.state_co_68,Concepcion,68207
base.city_co_68_209,base.state_co_68,Confines,68209
base.city_co_68_211,base.state_co_68,Contratacion,68211
base.city_co_68_217,base.state_co_68,Coromoro,68217
base.city_co_68_229,base.state_co_68,Curiti,68229
base.city_co_68_235,base.state_co_68,El Carmen De Chucuri,68235
base.city_co_68_245,base.state_co_68,El Guacamayo,68245
base.city_co_68_250,base.state_co_68,El Peñon,68250
base.city_co_68_255,base.state_co_68,El Playon,68255
base.city_co_68_264,base.state_co_68,Encino,68264
base.city_co_68_266,base.state_co_68,Enciso,68266
base.city_co_68_271,base.state_co_68,Florian,68271
base.city_co_68_276,base.state_co_68,Floridablanca,68276
base.city_co_68_296,base.state_co_68,Galan,68296
base.city_co_68_298,base.state_co_68,Gambita,68298
base.city_co_68_307,base.state_co_68,Giron,68307
base.city_co_68_318,base.state_co_68,Guaca,68318
base.city_co_68_320,base.state_co_68,Guadalupe,68320
base.city_co_68_322,base.state_co_68,Guapota,68322
base.city_co_68_324,base.state_co_68,Guavata,68324
base.city_co_68_327,base.state_co_68,Gsepsa,68327
base.city_co_68_344,base.state_co_68,Hato,68344
base.city_co_68_368,base.state_co_68,Jesus Maria,68368
base.city_co_68_370,base.state_co_68,Jordan,68370
base.city_co_68_377,base.state_co_68,La Belleza,68377
base.city_co_68_385,base.state_co_68,Landazuri,68385
base.city_co_68_397,base.state_co_68,La Paz,68397
base.city_co_68_406,base.state_co_68,Lebrija,68406
base.city_co_68_418,base.state_co_68,Los Santos,68418
base.city_co_68_425,base.state_co_68,Macaravita,68425
base.city_co_68_432,base.state_co_68,Malaga,68432
base.city_co_68_444,base.state_co_68,Matanza,68444
base.city_co_68_464,base.state_co_68,Mogotes,68464
base.city_co_68_468,base.state_co_68,Molagavita,68468
base.city_co_68_498,base.state_co_68,Ocamonte,68498
base.city_co_68_500,base.state_co_68,Oiba,68500
base.city_co_68_502,base.state_co_68,Onzaga,68502
base.city_co_68_522,base.state_co_68,Palmar,68522
base.city_co_68_524,base.state_co_68,Palmas Del Socorro,68524
base.city_co_68_533,base.state_co_68,Paramo,68533
base.city_co_68_547,base.state_co_68,Piedecuesta,68547
base.city_co_68_549,base.state_co_68,Pinchote,68549
base.city_co_68_572,base.state_co_68,Puente Nacional,68572
base.city_co_68_573,base.state_co_68,Puerto Parra,68573
base.city_co_68_575,base.state_co_68,Puerto Wilches,68575
base.city_co_68_615,base.state_co_68,Rionegro,68615
base.city_co_68_655,base.state_co_68,Sabana De Torres,68655
base.city_co_68_669,base.state_co_68,San Andres,68669
base.city_co_68_673,base.state_co_68,San Benito,68673
base.city_co_68_679,base.state_co_68,San Gil,68679
base.city_co_68_682,base.state_co_68,San Joaquin,68682
base.city_co_68_684,base.state_co_68,San Jose De Miranda,68684
base.city_co_68_686,base.state_co_68,San Miguel,68686
base.city_co_68_689,base.state_co_68,San Vicente De Chucuri,68689
base.city_co_68_705,base.state_co_68,Santa Barbara,68705
base.city_co_68_720,base.state_co_68,Santa Helena Del Opon,68720
base.city_co_68_745,base.state_co_68,Simacota,68745
base.city_co_68_755,base.state_co_68,Socorro,68755
base.city_co_68_770,base.state_co_68,Suaita,68770
base.city_co_68_773,base.state_co_68,Sucre,68773
base.city_co_68_780,base.state_co_68,Surata,68780
base.city_co_68_820,base.state_co_68,Tona,68820
base.city_co_68_855,base.state_co_68,Valle De San Jose,68855
base.city_co_68_861,base.state_co_68,Velez,68861
base.city_co_68_867,base.state_co_68,Vetas,68867
base.city_co_68_872,base.state_co_68,Villanueva,68872
base.city_co_68_895,base.state_co_68,Zapatoca,68895
base.city_co_70_001,base.state_co_70,Sincelejo,70001
base.city_co_70_110,base.state_co_70,Buenavista,70110
base.city_co_70_124,base.state_co_70,Caimito,70124
base.city_co_70_204,base.state_co_70,Coloso,70204
base.city_co_70_215,base.state_co_70,Corozal,70215
base.city_co_70_221,base.state_co_70,Coveñas,70221
base.city_co_70_230,base.state_co_70,Chalan,70230
base.city_co_70_233,base.state_co_70,El Roble,70233
base.city_co_70_235,base.state_co_70,Galeras,70235
base.city_co_70_265,base.state_co_70,Guaranda,70265
base.city_co_70_400,base.state_co_70,La Union,70400
base.city_co_70_418,base.state_co_70,Los Palmitos,70418
base.city_co_70_429,base.state_co_70,Majagual,70429
base.city_co_70_473,base.state_co_70,Morroa,70473
base.city_co_70_508,base.state_co_70,Ovejas,70508
base.city_co_70_523,base.state_co_70,Palmito,70523
base.city_co_70_670,base.state_co_70,Sampues,70670
base.city_co_70_678,base.state_co_70,San Benito Abad,70678
base.city_co_70_702,base.state_co_70,San Juan De Betulia,70702
base.city_co_70_708,base.state_co_70,San Marcos,70708
base.city_co_70_713,base.state_co_70,San Onofre,70713
base.city_co_70_717,base.state_co_70,San Pedro,70717
base.city_co_70_742,base.state_co_70,San Luis De Since,70742
base.city_co_70_771,base.state_co_70,Sucre,70771
base.city_co_70_820,base.state_co_70,Santiago De Tolu,70820
base.city_co_70_823,base.state_co_70,Tolu Viejo,70823
base.city_co_73_001,base.state_co_73,Ibague,73001
base.city_co_73_024,base.state_co_73,Alpujarra,73024
base.city_co_73_026,base.state_co_73,Alvarado,73026
base.city_co_73_030,base.state_co_73,Ambalema,73030
base.city_co_73_043,base.state_co_73,Anzoategui,73043
base.city_co_73_055,base.state_co_73,Armero,73055
base.city_co_73_067,base.state_co_73,Ataco,73067
base.city_co_73_124,base.state_co_73,Cajamarca,73124
base.city_co_73_148,base.state_co_73,Carmen De Apicala,73148
base.city_co_73_152,base.state_co_73,Casabianca,73152
base.city_co_73_168,base.state_co_73,Chaparral,73168
base.city_co_73_200,base.state_co_73,Coello,73200
base.city_co_73_217,base.state_co_73,Coyaima,73217
base.city_co_73_226,base.state_co_73,Cunday,73226
base.city_co_73_236,base.state_co_73,Dolores,73236
base.city_co_73_268,base.state_co_73,Espinal,73268
base.city_co_73_270,base.state_co_73,Falan,73270
base.city_co_73_275,base.state_co_73,Flandes,73275
base.city_co_73_283,base.state_co_73,Fresno,73283
base.city_co_73_319,base.state_co_73,Guamo,73319
base.city_co_73_347,base.state_co_73,Herveo,73347
base.city_co_73_349,base.state_co_73,Honda,73349
base.city_co_73_352,base.state_co_73,Icononzo,73352
base.city_co_73_408,base.state_co_73,Lerida,73408
base.city_co_73_411,base.state_co_73,Libano,73411
base.city_co_73_443,base.state_co_73,Mariquita,73443
base.city_co_73_449,base.state_co_73,Melgar,73449
base.city_co_73_461,base.state_co_73,Murillo,73461
base.city_co_73_483,base.state_co_73,Natagaima,73483
base.city_co_73_504,base.state_co_73,Ortega,73504
base.city_co_73_520,base.state_co_73,Palocabildo,73520
base.city_co_73_547,base.state_co_73,Piedras,73547
base.city_co_73_555,base.state_co_73,Planadas,73555
base.city_co_73_563,base.state_co_73,Prado,73563
base.city_co_73_585,base.state_co_73,Purificacion,73585
base.city_co_73_616,base.state_co_73,Rioblanco,73616
base.city_co_73_622,base.state_co_73,Roncesvalles,73622
base.city_co_73_624,base.state_co_73,Rovira,73624
base.city_co_73_671,base.state_co_73,Saldaña,73671
base.city_co_73_675,base.state_co_73,San Antonio,73675
base.city_co_73_678,base.state_co_73,San Luis,73678
base.city_co_73_686,base.state_co_73,Santa Isabel,73686
base.city_co_73_770,base.state_co_73,Suarez,73770
base.city_co_73_854,base.state_co_73,Valle De San Juan,73854
base.city_co_73_861,base.state_co_73,Venadillo,73861
base.city_co_73_870,base.state_co_73,Villahermosa,73870
base.city_co_73_873,base.state_co_73,Villarrica,73873
base.city_co_76_001,base.state_co_76,Cali,76001
base.city_co_76_020,base.state_co_76,Alcala,76020
base.city_co_76_036,base.state_co_76,Andalucia,76036
base.city_co_76_041,base.state_co_76,Ansermanuevo,76041
base.city_co_76_054,base.state_co_76,Argelia,76054
base.city_co_76_100,base.state_co_76,Bolivar,76100
base.city_co_76_109,base.state_co_76,Buenaventura,76109
base.city_co_76_111,base.state_co_76,Guadalajara De Buga,76111
base.city_co_76_113,base.state_co_76,Bugalagrande,76113
base.city_co_76_122,base.state_co_76,Caicedonia,76122
base.city_co_76_126,base.state_co_76,Calima,76126
base.city_co_76_130,base.state_co_76,Candelaria,76130
base.city_co_76_147,base.state_co_76,Cartago,76147
base.city_co_76_233,base.state_co_76,Dagua,76233
base.city_co_76_243,base.state_co_76,El Aguila,76243
base.city_co_76_246,base.state_co_76,El Cairo,76246
base.city_co_76_248,base.state_co_76,El Cerrito,76248
base.city_co_76_250,base.state_co_76,El Dovio,76250
base.city_co_76_275,base.state_co_76,Florida,76275
base.city_co_76_306,base.state_co_76,Ginebra,76306
base.city_co_76_318,base.state_co_76,Guacari,76318
base.city_co_76_364,base.state_co_76,Jamundi,76364
base.city_co_76_377,base.state_co_76,La Cumbre,76377
base.city_co_76_400,base.state_co_76,La Union,76400
base.city_co_76_403,base.state_co_76,La Victoria,76403
base.city_co_76_497,base.state_co_76,Obando,76497
base.city_co_76_520,base.state_co_76,Palmira,76520
base.city_co_76_563,base.state_co_76,Pradera,76563
base.city_co_76_606,base.state_co_76,Restrepo,76606
base.city_co_76_616,base.state_co_76,Riofrio,76616
base.city_co_76_622,base.state_co_76,Roldanillo,76622
base.city_co_76_670,base.state_co_76,San Pedro,76670
base.city_co_76_736,base.state_co_76,Sevilla,76736
base.city_co_76_823,base.state_co_76,Toro,76823
base.city_co_76_828,base.state_co_76,Trujillo,76828
base.city_co_76_834,base.state_co_76,Tulua,76834
base.city_co_76_845,base.state_co_76,Ulloa,76845
base.city_co_76_863,base.state_co_76,Versalles,76863
base.city_co_76_869,base.state_co_76,Vijes,76869
base.city_co_76_890,base.state_co_76,Yotoco,76890
base.city_co_76_892,base.state_co_76,Yumbo,76892
base.city_co_76_895,base.state_co_76,Zarzal,76895
base.city_co_81_001,base.state_co_81,Arauca,81001
base.city_co_81_065,base.state_co_81,Arauquita,81065
base.city_co_81_220,base.state_co_81,Cravo Norte,81220
base.city_co_81_300,base.state_co_81,Fortul,81300
base.city_co_81_591,base.state_co_81,Puerto Rondon,81591
base.city_co_81_736,base.state_co_81,Saravena,81736
base.city_co_81_794,base.state_co_81,Tame,81794
base.city_co_85_001,base.state_co_85,Yopal,85001
base.city_co_85_010,base.state_co_85,Aguazul,85010
base.city_co_85_015,base.state_co_85,Chameza,85015
base.city_co_85_125,base.state_co_85,Hato Corozal,85125
base.city_co_85_136,base.state_co_85,La Salina,85136
base.city_co_85_139,base.state_co_85,Mani,85139
base.city_co_85_162,base.state_co_85,Monterrey,85162
base.city_co_85_225,base.state_co_85,Nunchia,85225
base.city_co_85_230,base.state_co_85,Orocue,85230
base.city_co_85_250,base.state_co_85,Paz De Ariporo,85250
base.city_co_85_263,base.state_co_85,Pore,85263
base.city_co_85_279,base.state_co_85,Recetor,85279
base.city_co_85_300,base.state_co_85,Sabanalarga,85300
base.city_co_85_315,base.state_co_85,Sacama,85315
base.city_co_85_325,base.state_co_85,San Luis De Palenque,85325
base.city_co_85_400,base.state_co_85,Tamara,85400
base.city_co_85_410,base.state_co_85,Tauramena,85410
base.city_co_85_430,base.state_co_85,Trinidad,85430
base.city_co_85_440,base.state_co_85,Villanueva,85440
base.city_co_86_001,base.state_co_86,Mocoa,86001
base.city_co_86_219,base.state_co_86,Colon,86219
base.city_co_86_320,base.state_co_86,Orito,86320
base.city_co_86_568,base.state_co_86,Puerto Asis,86568
base.city_co_86_569,base.state_co_86,Puerto Caicedo,86569
base.city_co_86_571,base.state_co_86,Puerto Guzman,86571
base.city_co_86_573,base.state_co_86,Leguizamo,86573
base.city_co_86_749,base.state_co_86,Sibundoy,86749
base.city_co_86_755,base.state_co_86,San Francisco,86755
base.city_co_86_757,base.state_co_86,San Miguel,86757
base.city_co_86_760,base.state_co_86,Santiago,86760
base.city_co_86_865,base.state_co_86,Valle Del Guamuez,86865
base.city_co_86_885,base.state_co_86,Villagarzon,86885
base.city_co_88_001,base.state_co_88,San Andres,88001
base.city_co_88_564,base.state_co_88,Providencia,88564
base.city_co_91_001,base.state_co_91,Leticia,91001
base.city_co_91_263,base.state_co_91,El Encanto,91263
base.city_co_91_405,base.state_co_91,La Chorrera,91405
base.city_co_91_407,base.state_co_91,La Pedrera,91407
base.city_co_91_430,base.state_co_91,La Victoria,91430
base.city_co_91_460,base.state_co_91,Miriti - Parana,91460
base.city_co_91_530,base.state_co_91,Puerto Alegria,91530
base.city_co_91_536,base.state_co_91,Puerto Arica,91536
base.city_co_91_540,base.state_co_91,Puerto Nariño,91540
base.city_co_91_669,base.state_co_91,Puerto Santander,91669
base.city_co_91_798,base.state_co_91,Tarapaca,91798
base.city_co_94_001,base.state_co_94,Inirida,94001
base.city_co_94_343,base.state_co_94,Barranco Minas,94343
base.city_co_94_663,base.state_co_94,Mapiripana,94663
base.city_co_94_883,base.state_co_94,San Felipe,94883
base.city_co_94_884,base.state_co_94,Puerto Colombia,94884
base.city_co_94_885,base.state_co_94,La Guadalupe,94885
base.city_co_94_886,base.state_co_94,Cacahual,94886
base.city_co_94_887,base.state_co_94,Pana Pana,94887
base.city_co_94_888,base.state_co_94,Morichal,94888
base.city_co_95_001,base.state_co_95,San Jose Del Guaviare,95001
base.city_co_95_015,base.state_co_95,Calamar,95015
base.city_co_95_025,base.state_co_95,El Retorno,95025
base.city_co_95_200,base.state_co_95,Miraflores,95200
base.city_co_97_001,base.state_co_97,Mitu,97001
base.city_co_97_161,base.state_co_97,Caruru,97161
base.city_co_97_511,base.state_co_97,Pacoa,97511
base.city_co_97_666,base.state_co_97,Taraira,97666
base.city_co_97_777,base.state_co_97,Papunaua,97777
base.city_co_97_889,base.state_co_97,Yavarate,97889
base.city_co_99_001,base.state_co_99,Puerto Carreño,99001
base.city_co_99_524,base.state_co_99,La Primavera,99524
base.city_co_99_624,base.state_co_99,Santa Rosalia,99624
base.city_co_99_773,base.state_co_99,Cumaribo,99773
